Order Number,Order Charged Date,Order Charged Timestamp,Financial Status,Product Title,Product ID,Product Type,SKU ID,Device Model,Country of Buyer,Currency of Sale,State of Buyer,Postal Code of Buyer,Item Price,Taxes Collected,Charged Amount,Base Plan ID,Offer ID
GPA.3349-0743-5556-18924,2021-11-01,1635789195,Charged,Pathfinder DM tools (Complete Reference for Pathfinder),com.vansteinengroentjes.apps.ddpf,1,premium,OP4C7BL1,RU,RUB,Москва,115563,90.83,18.17,109.00,,
GPA.3331-6095-4985-59577,2021-11-01,1635791825,Charged,Remove advertisements (Whisky App),com.vansteinengroentjes.apps.whisky,1,com.vansteinengroentjes.apps.whisky.adverts,camellian,BE,EUR,,,1.50,0.32,1.82,,
GPA.3343-4112-5826-01193,2021-11-01,1635793625,Charged,Character Manager (Complete Reference for DnD 5),com.vansteinengroentjes.apps.ddfive,1,unlockcharactermanager,judypn,US,USD,ND,58346,5.49,0.38,5.87,,
GPA.3397-2825-9429-70987,2021-11-01,1635805062,Charged,Character Manager (Complete Reference for DnD 5),com.vansteinengroentjes.apps.ddfive,1,unlockcharactermanager,merlinnfc,DE,EUR,,,4.19,0.80,4.99,,
GPA.3331-1672-8520-93384,2021-11-01,1635807251,Charged,DM Tools (Complete Reference for DnD 5),com.vansteinengroentjes.apps.ddfive,1,premium,ASUS_Z01QD_1,GB,GBP,,,2.16,0.43,2.59,,
GPA.3316-0017-1728-82204,2021-11-01,1635807270,Charged,Character Manager (Complete Reference for DnD 5),com.vansteinengroentjes.apps.ddfive,1,unlockcharactermanager,ASUS_Z01QD_1,GB,GBP,,,3.49,0.70,4.19,,
GPA.3304-8267-3965-87808,2021-11-02,1635813878,Charged,Character Manager (Complete Reference for DnD 5),com.vansteinengroentjes.apps.ddfive,1,unlockcharactermanager,acexlm,US,USD,CT,06451,5.49,0.35,5.84,,
GPA.3386-5676-5771-00719,2021-11-02,1635823619,Charged,DM Tools (Complete Reference for DnD 5),com.vansteinengroentjes.apps.ddfive,1,premium,sofiap,US,USD,TX,76131,3.49,0.29,3.78,,
GPA.3316-8440-8865-94581,2021-11-02,1635846393,Charged,Euro 2012,com.droidbs.apps.ekapp2012,1,,TECNO-KF7j,GH,GHS,,,5.00,0.88,5.88,,
GPA.3316-8440-8865-94581,2021-11-02,1635846393,Refund,Euro 2012,com.droidbs.apps.ekapp2012,1,,TECNO-KF7j,GH,GHS,,,5.00,-0.88,-5.88,,
GPA.3317-3591-1997-45320,2021-11-02,1635856536,Charged,Character Manager (Complete Reference for DnD 5),com.vansteinengroentjes.apps.ddfive,1,unlockcharactermanager,c2q,US,USD,WA,98513,5.49,0.52,6.01,,
GPA.3330-8078-7356-00429,2021-11-02,1635871133,Charged,Scheurkalender Live Wallpaper,com.droidbs.wallpaper.live.blockcalendar,1,,r8q,NL,EUR,,,0.98,0.21,1.19,,
GPA.3348-5523-5989-62135,2021-11-02,1635874667,Charged,Character Manager (Complete Reference for DnD 5),com.vansteinengroentjes.apps.ddfive,1,unlockcharactermanager,a51,FI,EUR,,,4.02,0.97,4.99,,
GPA.3350-6668-3559-13793,2021-11-02,1635876883,Charged,DM Tools (Complete Reference for DnD 5),com.vansteinengroentjes.apps.ddfive,1,premium,mh,MX,MXN,,97173,56.03,8.97,65.00,,
GPA.3316-4155-7999-48545,2021-11-02,1635891665,Charged,Pathfinder DM tools (Complete Reference for Pathfinder),com.vansteinengroentjes.apps.ddpf,1,premium,denver,US,USD,MI,48370,2.49,0.15,2.64,,
GPA.3379-3502-3121-09726,2021-11-02,1635896042,Charged,Character Manager (Complete Reference for DnD 5),com.vansteinengroentjes.apps.ddfive,1,unlockcharactermanager,a12u,US,USD,MN,55721,5.49,0.38,5.87,,
GPA.3359-2856-6128-63012,2021-11-03,1635900432,Charged,Character Manager (Complete Reference for DnD 5),com.vansteinengroentjes.apps.ddfive,1,unlockcharactermanager,beyond1,MX,MXN,,66070,93.97,15.03,109.00,,
GPA.3399-5959-7681-41972,2021-11-03,1635900814,Charged,Character Manager (Complete Reference for DnD 5),com.vansteinengroentjes.apps.ddfive,1,unlockcharactermanager,minsk,US,USD,AL,35150,5.49,0.38,5.87,,
GPA.3367-5804-5037-33981,2021-11-03,1635901215,Charged,Dungeon Master Tools (Complete Reference for Pathfinder 2),com.vansteinengroentjes.pathfindertwo,1,dmtoolspf2,z3q,US,USD,TN,37062,3.49,0.34,3.83,,
GPA.3346-4258-9433-69863,2021-11-03,1635911199,Charged,Character Manager (Complete Reference for Pathfinder 2),com.vansteinengroentjes.pathfindertwo,1,charpf2,x1q,US,USD,OK,73543,5.49,0.00,5.49,,
GPA.3358-5729-9434-19153,2021-11-03,1635911232,Charged,Dungeon Master Tools (Complete Reference for Pathfinder 2),com.vansteinengroentjes.pathfindertwo,1,dmtoolspf2,x1q,US,USD,OK,73543,3.49,0.00,3.49,,
GPA.3392-8687-6580-17419,2021-11-03,1635915184,Charged,Character Manager (Complete Reference for Pathfinder),com.vansteinengroentjes.apps.ddpf,1,unlockcharactermanager,ZON,US,USD,TX,75974,1.99,0.16,2.15,,
GPA.3354-0039-6668-25986,2021-11-03,1635919939,Charged,Dungeon Master Tools (Complete Reference for Pathfinder 2),com.vansteinengroentjes.pathfindertwo,1,dmtoolspf2,beyond2q,US,USD,PA,17821,3.49,0.21,3.70,,
GPA.3364-1684-3165-10024,2021-11-03,1635951015,Charged,Character Manager (Complete Reference for DnD 5),com.vansteinengroentjes.apps.ddfive,1,unlockcharactermanager,a71,GB,GBP,,,3.49,0.70,4.19,,
GPA.3386-5030-8357-60117,2021-11-03,1635956284,Charged,Unlock Character Manager (D20 Complete Reference),com.vansteinengroentjes.apps.ddcompletereference,1,unlockcharactermanager,r8q,US,USD,DE,19904,1.96,0.00,1.96,,
GPA.3319-6423-8269-40707,2021-11-03,1635962691,Charged,Dungeon Master Tools (Complete Reference for Pathfinder 2),com.vansteinengroentjes.pathfindertwo,1,dmtoolspf2,cv7as,US,USD,TX,78537,3.49,0.29,3.78,,
GPA.3364-6120-2813-05559,2021-11-03,1635963402,Charged,DM Tools (Complete Reference for DnD 5),com.vansteinengroentjes.apps.ddfive,1,premium,ASUS_I003_1,PT,EUR,,,2.43,0.56,2.99,,
GPA.3300-2759-7487-43528,2021-11-03,1635977631,Charged,Unlock Character Manager (D20 Complete Reference),com.vansteinengroentjes.apps.ddcompletereference,1,unlockcharactermanager,p3q,US,USD,TX,75163,1.96,0.14,2.10,,
GPA.3313-3300-8778-25902,2021-11-03,1635978940,Charged,Character Manager (Complete Reference for DnD 5),com.vansteinengroentjes.apps.ddfive,1,unlockcharactermanager,apollo,CO,COP,,700001,"17,500.00",0.00,"17,500.00",,
GPA.3376-6506-8586-67053,2021-11-03,1635979657,Charged,Character Manager (Complete Reference for DnD 5),com.vansteinengroentjes.apps.ddfive,1,unlockcharactermanager,ASUS_P028_1,US,USD,KS,66071,5.49,0.51,6.00,,
GPA.3393-9360-2205-19227,2021-11-03,1635979700,Charged,DM Tools (Complete Reference for DnD 5),com.vansteinengroentjes.apps.ddfive,1,premium,ASUS_P028_1,US,USD,KS,66071,3.49,0.33,3.82,,
GPA.3399-0729-1452-13355,2021-11-04,1635997577,Charged,Pathfinder DM tools (Complete Reference for Pathfinder),com.vansteinengroentjes.apps.ddpf,1,premium,oriole,US,USD,MI,49707,2.49,0.15,2.64,,
GPA.3381-6316-5546-37593,2021-11-04,1635997633,Charged,Character Manager (Complete Reference for Pathfinder),com.vansteinengroentjes.apps.ddpf,1,unlockcharactermanager,oriole,US,USD,MI,49707,1.99,0.12,2.11,,
GPA.3395-4271-8267-31455,2021-11-04,1636003025,Charged,"Unlock DM tools, Dice tools and remove ads. (D20 Complete Reference)",com.vansteinengroentjes.apps.ddcompletereference,1,premium,a12u,US,USD,PA,19560,2.49,0.15,2.64,,
GPA.3378-0271-9744-86171,2021-11-04,1636022111,Charged,Character Manager (Complete Reference for DnD 5),com.vansteinengroentjes.apps.ddfive,1,unlockcharactermanager,HWELE,GB,GBP,,,3.49,0.70,4.19,,
GPA.3331-0055-9931-72773,2021-11-04,1636032026,Charged,Unlock Character Manager (D20 Complete Reference),com.vansteinengroentjes.apps.ddcompletereference,1,unlockcharactermanager,borneo,US,USD,IN,47446,1.96,0.14,2.10,,
GPA.3354-9183-4674-47125,2021-11-04,1636032036,Charged,"Unlock DM tools, Dice tools and remove ads. (D20 Complete Reference)",com.vansteinengroentjes.apps.ddcompletereference,1,premium,borneo,US,USD,IN,47446,2.49,0.17,2.66,,
GPA.3346-8893-6209-93750,2021-11-04,1636035910,Charged,Unlock Character Manager (D20 Complete Reference),com.vansteinengroentjes.apps.ddcompletereference,1,unlockcharactermanager,sargo,CA,CAD,AB,T2J 0T6,2.40,0.12,2.52,,
GPA.3322-7454-4624-47314,2021-11-04,1636050861,Charged,Verwijder reclame (Whisky App),com.vansteinengroentjes.apps.whisky,1,com.vansteinengroentjes.apps.whisky.adverts,beyond0,NL,EUR,,,1.50,0.32,1.82,,
GPA.3347-8520-2543-83711,2021-11-04,1636051310,Charged,Character Manager (Complete Reference for DnD 5),com.vansteinengroentjes.apps.ddfive,1,unlockcharactermanager,OnePlus8,US,USD,NJ,07032,5.49,0.36,5.85,,
GPA.3313-3300-8778-25902,2021-11-04,1636057608,Refund,Character Manager (Complete Reference for DnD 5),com.vansteinengroentjes.apps.ddfive,1,unlockcharactermanager,apollo,CO,COP,,700001,"17,500.00",0.00,"-17,500.00",,
GPA.3399-6196-4762-75492,2021-11-04,1636067747,Charged,"Unlock DM tools, Dice tools and remove ads. (D20 Complete Reference)",com.vansteinengroentjes.apps.ddcompletereference,1,premium,crownqltesq,US,USD,CA,91202,2.49,0.00,2.49,,
GPA.3384-8046-7908-11492,2021-11-04,1636068119,Charged,DM Tools (Complete Reference for DnD 5),com.vansteinengroentjes.apps.ddfive,1,premium,mh,CR,CRC,,,"2,000.00",0.00,"2,000.00",,
GPA.3394-7011-7992-67654,2021-11-04,1636068167,Charged,Character Manager (Complete Reference for DnD 5),com.vansteinengroentjes.apps.ddfive,1,unlockcharactermanager,mh,CR,CRC,,,"3,300.00",0.00,"3,300.00",,
GPA.3300-4453-2226-47130,2021-11-05,1636075984,Charged,Character Manager (Complete Reference for DnD 5),com.vansteinengroentjes.apps.ddfive,1,unlockcharactermanager,flame,US,USD,MA,01103,5.49,0.34,5.83,,
GPA.3304-3815-7381-97171,2021-11-05,1636076010,Charged,DM Tools (Complete Reference for DnD 5),com.vansteinengroentjes.apps.ddfive,1,premium,flame,US,USD,MA,01103,3.49,0.22,3.71,,
GPA.3351-7360-2570-83142,2021-11-05,1636078589,Charged,Unlock Character Manager (D20 Complete Reference),com.vansteinengroentjes.apps.ddcompletereference,1,unlockcharactermanager,a71,CA,CAD,ON,N4N 2G2,2.40,0.31,2.71,,
GPA.3315-7380-1913-67411,2021-11-05,1636078609,Charged,"Unlock DM tools, Dice tools and remove ads. (D20 Complete Reference)",com.vansteinengroentjes.apps.ddcompletereference,1,premium,a71,CA,CAD,ON,N4N 2G2,3.69,0.48,4.17,,
GPA.3367-8969-3867-49678,2021-11-05,1636083307,Charged,DM Tools (Complete Reference for DnD 5),com.vansteinengroentjes.apps.ddfive,1,premium,crosshatch,US,USD,MN,55387,3.49,0.26,3.75,,
GPA.3385-6056-5587-73985,2021-11-05,1636085566,Charged,Character Manager (Complete Reference for Pathfinder 2),com.vansteinengroentjes.pathfindertwo,1,charpf2,d2q,US,USD,OK,74055,5.49,0.00,5.49,,
GPA.3338-6622-2219-11448,2021-11-05,1636091850,Charged,Dungeon Master Tools (Complete Reference for Pathfinder 2),com.vansteinengroentjes.pathfindertwo,1,dmtoolspf2,p3q,US,USD,PA,17820,3.49,0.21,3.70,,
GPA.3398-4175-8074-07468,2021-11-05,1636098945,Charged,Dungeon Master Tools (Complete Reference for Pathfinder 2),com.vansteinengroentjes.pathfindertwo,1,dmtoolspf2,bramble,US,USD,WA,98409,3.49,0.35,3.84,,
GPA.3336-1778-3503-48217,2021-11-05,1636105436,Charged,Character Manager (Complete Reference for DnD 5),com.vansteinengroentjes.apps.ddfive,1,unlockcharactermanager,H8416,GB,GBP,,,3.49,0.70,4.19,,
GPA.3300-2500-1717-80501,2021-11-05,1636116134,Charged,Character Manager (Complete Reference for DnD 5),com.vansteinengroentjes.apps.ddfive,1,unlockcharactermanager,d2q,US,USD,CO,80525,5.49,0.00,5.49,,
GPA.3385-1031-2598-52596,2021-11-05,1636128899,Charged,Dungeon Master Tools (Complete Reference for Pathfinder 2),com.vansteinengroentjes.pathfindertwo,1,dmtoolspf2,dream2lte,IT,EUR,,,2.45,0.54,2.99,,
GPA.3326-0063-7250-76657,2021-11-05,1636145872,Charged,Character Manager (Complete Reference for Pathfinder),com.vansteinengroentjes.apps.ddpf,1,unlockcharactermanager,a21,US,USD,KY,42748,1.99,0.12,2.11,,
GPA.3338-2452-0999-31532,2021-11-05,1636150292,Charged,DM Tools (Complete Reference for DnD 5),com.vansteinengroentjes.apps.ddfive,1,premium,minsk,US,USD,MN,55303,3.49,0.25,3.74,,
GPA.3387-2051-6672-38201,2021-11-05,1636150758,Charged,Character Manager (Complete Reference for DnD 5),com.vansteinengroentjes.apps.ddfive,1,unlockcharactermanager,gta4xlwifi,US,USD,TX,77707,5.49,0.45,5.94,,
GPA.3371-8250-3645-41730,2021-11-05,1636156654,Charged,DM Tools (Complete Reference for DnD 5),com.vansteinengroentjes.apps.ddfive,1,premium,c1q,US,USD,IN,47037,3.49,0.24,3.73,,
GPA.3379-8679-8679-34724,2021-11-06,1636159237,Charged,DM Tools (Complete Reference for DnD 5),com.vansteinengroentjes.apps.ddfive,1,premium,b2q,GB,GBP,,,2.16,0.43,2.59,,
GPA.3349-0871-8571-68988,2021-11-06,1636160120,Charged,Character Manager (Complete Reference for DnD 5),com.vansteinengroentjes.apps.ddfive,1,unlockcharactermanager,c1q,US,USD,IN,47037,5.49,0.38,5.87,,
GPA.3303-1485-0483-21032,2021-11-06,1636193629,Charged,Character Manager (Complete Reference for DnD 5),com.vansteinengroentjes.apps.ddfive,1,unlockcharactermanager,d1q,US,USD,NV,89509,5.49,0.00,5.49,,
GPA.3350-9340-4412-91769,2021-11-06,1636194270,Charged,Character Manager (Complete Reference for Pathfinder),com.vansteinengroentjes.apps.ddpf,1,unlockcharactermanager,crosshatch,US,USD,OH,44117,1.99,0.15,2.14,,
GPA.3360-8265-5840-31719,2021-11-06,1636203486,Charged,Character Manager (Complete Reference for DnD 5),com.vansteinengroentjes.apps.ddfive,1,unlockcharactermanager,beyond1,GB,GBP,,,3.49,0.70,4.19,,
GPA.3376-3079-0739-93031,2021-11-06,1636203510,Charged,DM Tools (Complete Reference for DnD 5),com.vansteinengroentjes.apps.ddfive,1,premium,beyond1,GB,GBP,,,2.16,0.43,2.59,,
GPA.3308-2069-6584-89515,2021-11-06,1636203569,Charged,DM Tools (Complete Reference for DnD 5),com.vansteinengroentjes.apps.ddfive,1,premium,crownlte,GB,GBP,,,2.16,0.43,2.59,,
GPA.3345-0213-2907-64718,2021-11-06,1636203581,Charged,Character Manager (Complete Reference for DnD 5),com.vansteinengroentjes.apps.ddfive,1,unlockcharactermanager,crownlte,GB,GBP,,,3.49,0.70,4.19,,
GPA.3397-1209-0209-21721,2021-11-06,1636218011,Charged,Character Manager (Complete Reference for DnD 5),com.vansteinengroentjes.apps.ddfive,1,unlockcharactermanager,d2q,US,USD,GA,31903,5.49,0.00,5.49,,
GPA.3389-5621-5425-08565,2021-11-06,1636218022,Charged,DM Tools (Complete Reference for DnD 5),com.vansteinengroentjes.apps.ddfive,1,premium,d2q,US,USD,GA,31903,3.49,0.00,3.49,,
GPA.3365-0153-9379-15153,2021-11-06,1636219506,Charged,Pathfinder DM tools (Complete Reference for Pathfinder),com.vansteinengroentjes.apps.ddpf,1,premium,crownlte,FR,EUR,,,1.66,0.33,1.99,,
GPA.3331-4516-6109-46087,2021-11-06,1636221739,Charged,DM Tools (Complete Reference for DnD 5),com.vansteinengroentjes.apps.ddfive,1,premium,crownqltesq,US,USD,AL,35071,3.49,0.35,3.84,,
GPA.3374-9208-0036-74929,2021-11-06,1636222447,Charged,Character Manager (Complete Reference for Pathfinder),com.vansteinengroentjes.apps.ddpf,1,unlockcharactermanager,beyond0q,US,USD,AZ,85307,1.99,0.16,2.15,,
GPA.3355-4366-2296-16201,2021-11-06,1636222459,Charged,Pathfinder DM tools (Complete Reference for Pathfinder),com.vansteinengroentjes.apps.ddpf,1,premium,beyond0q,US,USD,AZ,85307,2.49,0.20,2.69,,
GPA.3323-0462-6948-95472,2021-11-06,1636223774,Charged,DM Tools (Complete Reference for DnD 5),com.vansteinengroentjes.apps.ddfive,1,premium,j7topeltevzw,US,USD,AR,71913,3.49,0.00,3.49,,
GPA.3352-6962-6808-14323,2021-11-06,1636227129,Charged,Unlock Character Manager (D20 Complete Reference),com.vansteinengroentjes.apps.ddcompletereference,1,unlockcharactermanager,HWCOL,DE,EUR,,,1.77,0.34,2.11,,
GPA.3346-0431-0750-77587,2021-11-06,1636235275,Charged,DM Tools (Complete Reference for DnD 5),com.vansteinengroentjes.apps.ddfive,1,premium,a52xq,US,USD,NY,14218,3.49,0.31,3.80,,
GPA.3318-9178-5563-48902,2021-11-06,1636235352,Charged,Character Manager (Complete Reference for DnD 5),com.vansteinengroentjes.apps.ddfive,1,unlockcharactermanager,a52xq,US,USD,NY,14218,5.49,0.48,5.97,,
GPA.3327-4290-0824-80732,2021-11-06,1636238351,Charged,Character Manager (Complete Reference for DnD 5),com.vansteinengroentjes.apps.ddfive,1,unlockcharactermanager,r8q,US,USD,AR,72714,5.49,0.00,5.49,,
GPA.3301-7774-9739-62502,2021-11-07,1636243410,Charged,Character Manager (Complete Reference for DnD 5),com.vansteinengroentjes.apps.ddfive,1,unlockcharactermanager,a41,DE,EUR,,,4.19,0.80,4.99,,
GPA.3380-3805-0825-10762,2021-11-07,1636246124,Charged,Character Manager (Complete Reference for DnD 5),com.vansteinengroentjes.apps.ddfive,1,unlockcharactermanager,j7popltevzw,US,USD,NY,14092,5.49,0.44,5.93,,
GPA.3330-2791-0240-69697,2021-11-07,1636246147,Charged,DM Tools (Complete Reference for DnD 5),com.vansteinengroentjes.apps.ddfive,1,premium,j7popltevzw,US,USD,NY,14092,3.49,0.28,3.77,,
GPA.3329-8362-4231-98971,2021-11-07,1636246693,Charged,Character Manager (Complete Reference for DnD 5),com.vansteinengroentjes.apps.ddfive,1,unlockcharactermanager,P10000_Pro,ZA,ZAR,,1961,70.43,10.56,80.99,,
GPA.3335-7765-0437-78226,2021-11-07,1636252826,Charged,Unlock Character Manager (D20 Complete Reference),com.vansteinengroentjes.apps.ddcompletereference,1,unlockcharactermanager,OnePlusN10TMO,US,USD,MO,65565,1.96,0.00,1.96,,
GPA.3373-5391-3216-50111,2021-11-07,1636255657,Charged,Character Manager (Complete Reference for DnD 5),com.vansteinengroentjes.apps.ddfive,1,unlockcharactermanager,p3q,US,USD,MO,64090,5.49,0.00,5.49,,
GPA.3361-0655-7413-63408,2021-11-07,1636288582,Charged,Character Manager (Complete Reference for DnD 5),com.vansteinengroentjes.apps.ddfive,1,unlockcharactermanager,DRD_sprout,BE,EUR,,,4.12,0.87,4.99,,
GPA.3357-2509-5925-34870,2021-11-07,1636312335,Charged,Character Manager (Complete Reference for DnD 5),com.vansteinengroentjes.apps.ddfive,1,unlockcharactermanager,HWMAR,DE,EUR,,,2.19,0.80,2.99,,
GPA.3372-8319-1387-64750,2021-11-07,1636320049,Charged,Character Manager (Complete Reference for DnD 5),com.vansteinengroentjes.apps.ddfive,1,unlockcharactermanager,coral,US,USD,GA,30008,5.49,0.00,5.49,,
GPA.3357-3340-5284-86834,2021-11-07,1636323013,Charged,Unlock Character Manager (D20 Complete Reference),com.vansteinengroentjes.apps.ddcompletereference,1,unlockcharactermanager,o1q,US,USD,WA,98258,1.96,0.18,2.14,,
GPA.3301-7798-8090-62736,2021-11-07,1636323055,Charged,"Unlock DM tools, Dice tools and remove ads. (D20 Complete Reference)",com.vansteinengroentjes.apps.ddcompletereference,1,premium,o1q,US,USD,WA,98258,2.49,0.22,2.71,,
GPA.3308-2622-4795-69721,2021-11-08,1636345920,Charged,DM Tools (Complete Reference for DnD 5),com.vansteinengroentjes.apps.ddfive,1,premium,a51,BR,BRL,RJ,22763-050,12.99,0.00,12.99,,
GPA.3349-3636-0570-82229,2021-11-08,1636345963,Charged,Character Manager (Complete Reference for DnD 5),com.vansteinengroentjes.apps.ddfive,1,unlockcharactermanager,a51,BR,BRL,RJ,22763-050,20.99,0.00,20.99,,
GPA.3341-8592-2939-61201,2021-11-08,1636388725,Charged,Pathfinder DM tools (Complete Reference for Pathfinder),com.vansteinengroentjes.apps.ddpf,1,premium,a51,US,USD,TN,37865,2.49,0.24,2.73,,
GPA.3367-2149-4089-98095,2021-11-08,1636388773,Charged,Character Manager (Complete Reference for Pathfinder),com.vansteinengroentjes.apps.ddpf,1,unlockcharactermanager,a51,US,USD,TN,37865,1.99,0.19,2.18,,
GPA.3398-4569-1524-70087,2021-11-08,1636408463,Charged,Character Manager (Complete Reference for DnD 5),com.vansteinengroentjes.apps.ddfive,1,unlockcharactermanager,TokyoPro,GB,GBP,,,3.49,0.70,4.19,,
GPA.3318-7176-7053-52992,2021-11-09,1636419002,Charged,Character Manager (Complete Reference for DnD 5),com.vansteinengroentjes.apps.ddfive,1,unlockcharactermanager,c2q,US,USD,MA,01588,5.49,0.34,5.83,,
GPA.3300-8964-1021-11339,2021-11-09,1636422957,Charged,Character Manager (Complete Reference for DnD 5),com.vansteinengroentjes.apps.ddfive,1,unlockcharactermanager,gta4lwifi,CA,CAD,ON,K2J 1W7,7.49,0.97,8.46,,
GPA.3395-3131-8007-62948,2021-11-09,1636425095,Charged,Character Manager (Complete Reference for DnD 5),com.vansteinengroentjes.apps.ddfive,1,unlockcharactermanager,crosshatch,US,USD,MD,21076,5.49,0.33,5.82,,
GPA.3338-6969-9181-92500,2021-11-09,1636425152,Charged,DM Tools (Complete Reference for DnD 5),com.vansteinengroentjes.apps.ddfive,1,premium,crosshatch,US,USD,MD,21076,3.49,0.21,3.70,,
GPA.3350-6001-7289-42442,2021-11-09,1636459286,Charged,DM Tools (Complete Reference for DnD 5),com.vansteinengroentjes.apps.ddfive,1,premium,d2q,US,USD,SD,57026,3.49,0.23,3.72,,
GPA.3394-7855-8635-40500,2021-11-09,1636459343,Charged,Character Manager (Complete Reference for DnD 5),com.vansteinengroentjes.apps.ddfive,1,unlockcharactermanager,d2q,US,USD,SD,57026,5.49,0.36,5.85,,
GPA.3347-9901-0266-44551,2021-11-09,1636464870,Charged,Character Manager (Complete Reference for Pathfinder),com.vansteinengroentjes.apps.ddpf,1,unlockcharactermanager,redfin,US,USD,NC,27410,1.99,0.13,2.12,,
GPA.3385-5259-9998-28597,2021-11-09,1636470244,Charged,DM Tools (Complete Reference for DnD 5),com.vansteinengroentjes.apps.ddfive,1,premium,sofia,US,USD,OK,73505,3.49,0.00,3.49,,
GPA.3349-7258-0597-79595,2021-11-09,1636473281,Charged,Pathfinder DM tools (Complete Reference for Pathfinder),com.vansteinengroentjes.apps.ddpf,1,premium,d2q,US,USD,NE,68044,2.49,0.14,2.63,,
GPA.3356-7616-1134-21781,2021-11-09,1636478415,Charged,Character Manager (Complete Reference for DnD 5),com.vansteinengroentjes.apps.ddfive,1,unlockcharactermanager,a32x,US,USD,MI,48430,5.49,0.33,5.82,,
GPA.3319-8834-6269-45285,2021-11-09,1636481553,Charged,Character Manager (Complete Reference for DnD 5),com.vansteinengroentjes.apps.ddfive,1,unlockcharactermanager,r8q,US,USD,VA,23451,5.49,0.00,5.49,,
GPA.3351-9270-3759-49140,2021-11-09,1636493634,Charged,Pathfinder DM tools (Complete Reference for Pathfinder),com.vansteinengroentjes.apps.ddpf,1,premium,lavender,ES,EUR,,,1.64,0.35,1.99,,
GPA.3333-3718-7098-73213,2021-11-09,1636496092,Charged,Character Manager (Complete Reference for Pathfinder),com.vansteinengroentjes.apps.ddpf,1,unlockcharactermanager,d2xq2,US,USD,MS,39507,1.99,0.14,2.13,,
GPA.3365-4132-7899-15552,2021-11-09,1636499553,Charged,Character Manager (Complete Reference for Pathfinder 2),com.vansteinengroentjes.pathfindertwo,1,charpf2,a11q,CA,CAD,ON,L3R 9Z6,7.49,0.97,8.46,,
GPA.3378-1081-8184-91209,2021-11-10,1636503052,Charged,Character Manager (Complete Reference for DnD 5),com.vansteinengroentjes.apps.ddfive,1,unlockcharactermanager,rav,US,USD,WI,54729,5.49,0.30,5.79,,
GPA.3323-4876-0300-48523,2021-11-10,1636503314,Charged,DM Tools (Complete Reference for DnD 5),com.vansteinengroentjes.apps.ddfive,1,premium,rav,US,USD,WI,54729,3.49,0.19,3.68,,
GPA.3337-7454-8125-13406,2021-11-10,1636510803,Charged,Unlock Character Manager (D20 Complete Reference),com.vansteinengroentjes.apps.ddcompletereference,1,unlockcharactermanager,minsk,US,USD,TX,75092,1.96,0.14,2.10,,
GPA.3334-5157-7737-09965,2021-11-10,1636522874,Charged,Character Manager (Complete Reference for DnD 5),com.vansteinengroentjes.apps.ddfive,1,unlockcharactermanager,100011886,US,USD,FL,32007,5.49,0.00,5.49,,
GPA.3304-6069-0852-38653,2021-11-10,1636523137,Charged,Sport pick up lines (Daily pick up lines),com.vansteinengroentjes.apps.dailypickupline,1,sport,greatqlte,US,USD,HI,96818,1.05,0.05,1.10,,
GPA.3389-4396-3465-30850,2021-11-10,1636532432,Charged,Character Manager (Complete Reference for DnD 5),com.vansteinengroentjes.apps.ddfive,1,unlockcharactermanager,p3s,GB,GBP,,,3.49,0.70,4.19,,
GPA.3390-4271-8382-40325,2021-11-10,1636547335,Charged,Character Manager (Complete Reference for DnD 5),com.vansteinengroentjes.apps.ddfive,1,unlockcharactermanager,c2q,US,USD,OH,43302,5.49,0.40,5.89,,
GPA.3319-2968-9138-82592,2021-11-10,1636561051,Charged,Unlock Character Manager (D20 Complete Reference),com.vansteinengroentjes.apps.ddcompletereference,1,unlockcharactermanager,beyond2q,US,USD,WI,53081,1.96,0.11,2.07,,
GPA.3391-7643-9174-07000,2021-11-10,1636563153,Charged,DM Tools (Complete Reference for DnD 5),com.vansteinengroentjes.apps.ddfive,1,premium,d1q,US,USD,KS,67501,3.49,0.26,3.75,,
GPA.3355-0506-0064-19499,2021-11-10,1636564888,Charged,DM Tools (Complete Reference for DnD 5),com.vansteinengroentjes.apps.ddfive,1,premium,100011886,US,USD,FL,32007,3.49,0.00,3.49,,
GPA.3393-1072-0175-94282,2021-11-10,1636565257,Charged,DM Tools (Complete Reference for DnD 5),com.vansteinengroentjes.apps.ddfive,1,premium,oriole,US,USD,WI,54986,3.49,0.17,3.66,,
GPA.3330-6423-0244-68870,2021-11-10,1636565334,Charged,Character Manager (Complete Reference for DnD 5),com.vansteinengroentjes.apps.ddfive,1,unlockcharactermanager,oriole,US,USD,WI,54986,5.49,0.27,5.76,,
GPA.3336-3054-4402-64763,2021-11-10,1636565436,Charged,Character Manager (Complete Reference for DnD 5),com.vansteinengroentjes.apps.ddfive,1,unlockcharactermanager,p3q,US,USD,IA,52807,5.49,0.38,5.87,,
GPA.3347-0011-0560-18207,2021-11-10,1636565448,Charged,DM Tools (Complete Reference for DnD 5),com.vansteinengroentjes.apps.ddfive,1,premium,p3q,US,USD,IA,52807,3.49,0.24,3.73,,
GPA.3389-4396-3465-30850,2021-11-10,1636584141,Refund,Character Manager (Complete Reference for DnD 5),com.vansteinengroentjes.apps.ddfive,1,unlockcharactermanager,p3s,GB,GBP,,,3.49,-0.70,-4.19,,
GPA.3342-9002-5326-49738,2021-11-11,1636595028,Charged,Character Manager (Complete Reference for DnD 5),com.vansteinengroentjes.apps.ddfive,1,unlockcharactermanager,p3q,US,USD,CA,95963,5.49,0.00,5.49,,
GPA.3399-8404-3755-43289,2021-11-11,1636603724,Charged,"Unlock DM tools, Dice tools and remove ads. (D20 Complete Reference)",com.vansteinengroentjes.apps.ddcompletereference,1,premium,EA211001,US,USD,VT,05403,2.49,0.17,2.66,,
GPA.3358-0418-9038-98350,2021-11-11,1636603749,Charged,Unlock Character Manager (D20 Complete Reference),com.vansteinengroentjes.apps.ddcompletereference,1,unlockcharactermanager,EA211001,US,USD,VT,05403,1.96,0.14,2.10,,
GPA.3344-5340-4794-17270,2021-11-11,1636625494,Charged,Character Manager (Complete Reference for DnD 5),com.vansteinengroentjes.apps.ddfive,1,unlockcharactermanager,gta4lwifi,GB,GBP,,,3.49,0.70,4.19,,
GPA.3344-4556-6215-58614,2021-11-11,1636656603,Charged,"Unlock DM tools, Dice tools and remove ads. (D20 Complete Reference)",com.vansteinengroentjes.apps.ddcompletereference,1,premium,p3q,US,USD,SC,29045,2.49,0.00,2.49,,
GPA.3365-7467-9182-22294,2021-11-11,1636656614,Charged,Unlock Character Manager (D20 Complete Reference),com.vansteinengroentjes.apps.ddcompletereference,1,unlockcharactermanager,p3q,US,USD,SC,29045,1.96,0.00,1.96,,
GPA.3361-6846-5051-27488,2021-11-11,1636668499,Charged,Unlock Character Manager (D20 Complete Reference),com.vansteinengroentjes.apps.ddcompletereference,1,unlockcharactermanager,starqlteue,US,USD,WI,54679,1.96,0.10,2.06,,
GPA.3310-0355-6898-63192,2021-11-11,1636668566,Charged,Character Manager (Complete Reference for Pathfinder),com.vansteinengroentjes.apps.ddpf,1,unlockcharactermanager,p3q,US,USD,CA,93245,1.99,0.00,1.99,,
GPA.3335-2125-1879-88991,2021-11-11,1636673595,Charged,Character Manager (Complete Reference for DnD 5),com.vansteinengroentjes.apps.ddfive,1,unlockcharactermanager,c2q,US,USD,PA,18042,5.49,0.33,5.82,,
GPA.3323-5948-1728-73228,2021-11-12,1636675222,Charged,Character Manager (Complete Reference for DnD 5),com.vansteinengroentjes.apps.ddfive,1,unlockcharactermanager,bramble,US,USD,TX,76801,5.49,0.45,5.94,,
GPA.3331-6243-4941-25947,2021-11-12,1636675263,Charged,DM Tools (Complete Reference for DnD 5),com.vansteinengroentjes.apps.ddfive,1,premium,bramble,US,USD,TX,76801,3.49,0.29,3.78,,
GPA.3388-1632-1418-82115,2021-11-12,1636675317,Charged,Unlock Character Manager (D20 Complete Reference),com.vansteinengroentjes.apps.ddcompletereference,1,unlockcharactermanager,bramble,US,USD,TX,76801,1.96,0.16,2.12,,
GPA.3385-1453-9546-17515,2021-11-12,1636675354,Charged,"Unlock DM tools, Dice tools and remove ads. (D20 Complete Reference)",com.vansteinengroentjes.apps.ddcompletereference,1,premium,bramble,US,USD,TX,76801,2.49,0.21,2.70,,
GPA.3349-0827-2240-88024,2021-11-12,1636676975,Charged,"Unlock DM tools, Dice tools and remove ads. (D20 Complete Reference)",com.vansteinengroentjes.apps.ddcompletereference,1,premium,a32x,US,USD,CA,95206,2.49,0.00,2.49,,
GPA.3393-6944-3515-16292,2021-11-12,1636677116,Charged,DM Tools (Complete Reference for DnD 5),com.vansteinengroentjes.apps.ddfive,1,premium,denver,US,USD,WI,54401,3.49,0.19,3.68,,
GPA.3335-8397-9095-86053,2021-11-12,1636687762,Charged,Character Manager (Complete Reference for DnD 5),com.vansteinengroentjes.apps.ddfive,1,unlockcharactermanager,y2q,US,USD,ME,04106,5.49,0.30,5.79,,
GPA.3345-0555-2443-71013,2021-11-12,1636689478,Charged,Character Manager (Complete Reference for Pathfinder),com.vansteinengroentjes.apps.ddpf,1,unlockcharactermanager,a21,US,USD,ID,83617,1.99,0.00,1.99,,
GPA.3347-5200-4681-88600,2021-11-12,1636699236,Charged,Unlock Character Manager (D20 Complete Reference),com.vansteinengroentjes.apps.ddcompletereference,1,unlockcharactermanager,OnePlus6T,CA,CAD,ON,K1Z8R7,2.40,0.31,2.71,,
GPA.3312-6188-1072-92141,2021-11-12,1636714148,Charged,Character Manager (Complete Reference for Pathfinder 2),com.vansteinengroentjes.pathfindertwo,1,charpf2,q2q,PL,PLN,,,17.07,3.92,20.99,,
GPA.3339-6455-3703-62828,2021-11-12,1636726442,Charged,Pathfinder DM tools (Complete Reference for Pathfinder),com.vansteinengroentjes.apps.ddpf,1,premium,OnePlusN200TMO,US,USD,MI,48103,2.49,0.15,2.64,,
GPA.3355-8943-0244-86373,2021-11-12,1636726459,Charged,Character Manager (Complete Reference for Pathfinder),com.vansteinengroentjes.apps.ddpf,1,unlockcharactermanager,OnePlusN200TMO,US,USD,MI,48103,1.99,0.12,2.11,,
GPA.3363-7284-5769-04651,2021-11-12,1636733206,Charged,Dungeon Master Tools (Complete Reference for Pathfinder 2),com.vansteinengroentjes.pathfindertwo,1,dmtoolspf2,mdh50lm,US,USD,KY,40118,3.49,0.21,3.70,,
GPA.3324-6751-8452-57095,2021-11-12,1636746120,Charged,DM Tools (Complete Reference for DnD 5),com.vansteinengroentjes.apps.ddfive,1,premium,t2q,US,USD,MD,20777,3.49,0.21,3.70,,
GPA.3331-3718-4296-67611,2021-11-12,1636746132,Charged,Character Manager (Complete Reference for DnD 5),com.vansteinengroentjes.apps.ddfive,1,unlockcharactermanager,t2q,US,USD,MD,20777,5.49,0.33,5.82,,
GPA.3399-7400-9381-74657,2021-11-12,1636754465,Charged,Character Manager (Complete Reference for DnD 5),com.vansteinengroentjes.apps.ddfive,1,unlockcharactermanager,sofiap,US,USD,TX,75150,5.49,0.45,5.94,,
GPA.3387-2628-6373-46582,2021-11-13,1636761766,Charged,Unlock Character Manager (D20 Complete Reference),com.vansteinengroentjes.apps.ddcompletereference,1,unlockcharactermanager,gts210vewifi,US,USD,IN,46280,1.96,0.14,2.10,,
GPA.3339-8963-7655-76608,2021-11-13,1636761779,Charged,"Unlock DM tools, Dice tools and remove ads. (D20 Complete Reference)",com.vansteinengroentjes.apps.ddcompletereference,1,premium,gts210vewifi,US,USD,IN,46280,2.49,0.17,2.66,,
GPA.3367-8238-9323-57475,2021-11-13,1636766984,Charged,Character Manager (Complete Reference for DnD 5),com.vansteinengroentjes.apps.ddfive,1,unlockcharactermanager,crownqltesq,US,USD,PA,15133,5.49,0.38,5.87,,
GPA.3338-6721-3109-58667,2021-11-13,1636782445,Charged,System Info LIve Wallpaper,com.droidbs.wallpaper.live.systeminfo,1,,j7toplteue,US,USD,MT,59247,1.99,0.00,1.99,,
GPA.3302-1727-9928-63616,2021-11-13,1636806140,Charged,Character Manager (Complete Reference for DnD 5),com.vansteinengroentjes.apps.ddfive,1,unlockcharactermanager,r8s,DE,EUR,,,4.19,0.80,4.99,,
GPA.3397-5127-6166-42887,2021-11-13,1636812874,Charged,DM Tools (Complete Reference for DnD 5),com.vansteinengroentjes.apps.ddfive,1,premium,r8s,DE,EUR,,,2.51,0.48,2.99,,
GPA.3339-6013-9358-89279,2021-11-13,1636824535,Charged,Character Manager (Complete Reference for DnD 5),com.vansteinengroentjes.apps.ddfive,1,unlockcharactermanager,r8q,US,USD,PA,19027,5.49,0.33,5.82,,
GPA.3387-3184-5340-16780,2021-11-13,1636827878,Charged,DM Tools (Complete Reference for DnD 5),com.vansteinengroentjes.apps.ddfive,1,premium,y2s,GB,GBP,,,2.16,0.43,2.59,,
GPA.3353-3706-4203-96426,2021-11-13,1636827897,Charged,Character Manager (Complete Reference for DnD 5),com.vansteinengroentjes.apps.ddfive,1,unlockcharactermanager,y2s,GB,GBP,,,3.49,0.70,4.19,,
GPA.3351-6531-1415-50481,2021-11-13,1636831422,Charged,DM Tools (Complete Reference for DnD 5),com.vansteinengroentjes.apps.ddfive,1,premium,channel,US,USD,FL,34465,3.49,0.00,3.49,,
GPA.3383-1794-9630-74263,2021-11-13,1636831902,Charged,Character Manager (Complete Reference for DnD 5),com.vansteinengroentjes.apps.ddfive,1,unlockcharactermanager,channel,US,USD,FL,34465,5.49,0.00,5.49,,
GPA.3348-7925-3698-43889,2021-11-13,1636834206,Charged,DM Tools (Complete Reference for DnD 5),com.vansteinengroentjes.apps.ddfive,1,premium,r8q,NZ,NZD,,8061,4.34,0.65,4.99,,
GPA.3336-2860-0024-60865,2021-11-13,1636834242,Charged,Character Manager (Complete Reference for DnD 5),com.vansteinengroentjes.apps.ddfive,1,unlockcharactermanager,r8q,NZ,NZD,,8061,6.95,1.04,7.99,,
GPA.3332-0590-0037-08759,2021-11-14,1636849724,Charged,Character Manager (Complete Reference for DnD 5),com.vansteinengroentjes.apps.ddfive,1,unlockcharactermanager,p3q,US,USD,IL,62002,5.49,0.37,5.86,,
GPA.3320-1869-5019-99866,2021-11-14,1636859958,Charged,DM Tools (Complete Reference for DnD 5),com.vansteinengroentjes.apps.ddfive,1,premium,borneo,US,USD,MO,64114,3.49,0.00,3.49,,
GPA.3370-3928-2081-80580,2021-11-14,1636867027,Charged,Character Manager (Complete Reference for DnD 5),com.vansteinengroentjes.apps.ddfive,1,unlockcharactermanager,a11q,US,USD,AR,72422,5.49,0.00,5.49,,
GPA.3395-4201-8501-26361,2021-11-14,1636867041,Charged,DM Tools (Complete Reference for DnD 5),com.vansteinengroentjes.apps.ddfive,1,premium,a11q,US,USD,AR,72422,3.49,0.00,3.49,,
GPA.3344-6053-7310-31041,2021-11-14,1636867077,Charged,Pathfinder DM tools (Complete Reference for Pathfinder),com.vansteinengroentjes.apps.ddpf,1,premium,trltevzw,US,USD,NH,03275,2.49,0.00,2.49,,
GPA.3378-7525-7679-09182,2021-11-14,1636869164,Charged,Character Manager (Complete Reference for DnD 5),com.vansteinengroentjes.apps.ddfive,1,unlockcharactermanager,caymanlm,US,USD,NC,27127,5.49,0.38,5.87,,
GPA.3371-5385-9811-30950,2021-11-14,1636869323,Charged,Character Manager (Complete Reference for Pathfinder),com.vansteinengroentjes.apps.ddpf,1,unlockcharactermanager,a10e,US,USD,AR,72081,1.99,0.00,1.99,,
GPA.3370-2924-0554-69950,2021-11-14,1636869406,Charged,DM Tools (Complete Reference for DnD 5),com.vansteinengroentjes.apps.ddfive,1,premium,y2q,US,USD,MI,49079,3.49,0.21,3.70,,
GPA.3352-6620-4203-21481,2021-11-14,1636870389,Charged,Pathfinder DM tools (Complete Reference for Pathfinder),com.vansteinengroentjes.apps.ddpf,1,premium,berlna,US,USD,IN,46774,2.49,0.17,2.66,,
GPA.3358-8031-8441-14975,2021-11-14,1636870425,Charged,Character Manager (Complete Reference for Pathfinder),com.vansteinengroentjes.apps.ddpf,1,unlockcharactermanager,berlna,US,USD,IN,46774,1.99,0.14,2.13,,
GPA.3330-1050-0393-74754,2021-11-14,1636871004,Charged,Character Manager (Complete Reference for DnD 5),com.vansteinengroentjes.apps.ddfive,1,unlockcharactermanager,a10e,US,USD,GA,30701,5.49,0.00,5.49,,
GPA.3339-6566-0551-91624,2021-11-14,1636872330,Charged,Character Manager (Complete Reference for DnD 5),com.vansteinengroentjes.apps.ddfive,1,unlockcharactermanager,y2q,US,USD,MI,49079,5.49,0.33,5.82,,
GPA.3391-4807-4433-41717,2021-11-14,1636906323,Charged,Character Manager (Complete Reference for Pathfinder),com.vansteinengroentjes.apps.ddpf,1,unlockcharactermanager,a01q,US,USD,IN,47715,1.99,0.14,2.13,,
GPA.3399-2884-4965-46970,2021-11-14,1636906360,Charged,Pathfinder DM tools (Complete Reference for Pathfinder),com.vansteinengroentjes.apps.ddpf,1,premium,a01q,US,USD,IN,47715,2.49,0.17,2.66,,
GPA.3356-0287-1621-30537,2021-11-14,1636914257,Charged,Character Manager (Complete Reference for DnD 5),com.vansteinengroentjes.apps.ddfive,1,unlockcharactermanager,r8q,US,USD,IL,61330,5.49,0.39,5.88,,
GPA.3349-4187-8897-82054,2021-11-14,1636914282,Charged,DM Tools (Complete Reference for DnD 5),com.vansteinengroentjes.apps.ddfive,1,premium,r8q,US,USD,IL,61330,3.49,0.25,3.74,,
GPA.3347-2571-1166-93738,2021-11-14,1636917660,Charged,Character Manager (Complete Reference for DnD 5),com.vansteinengroentjes.apps.ddfive,1,unlockcharactermanager,r8q,CH,CHF,,8905,5.60,0.00,5.60,,
GPA.3367-2961-6425-36514,2021-11-14,1636918604,Charged,Character Manager (Complete Reference for DnD 5),com.vansteinengroentjes.apps.ddfive,1,unlockcharactermanager,oriole,US,USD,TX,77084,5.49,0.45,5.94,,
GPA.3346-4113-4964-76184,2021-11-14,1636929217,Charged,Character Manager (Complete Reference for DnD 5),com.vansteinengroentjes.apps.ddfive,1,unlockcharactermanager,c1q,US,USD,MT,59802,5.49,0.00,5.49,,
GPA.3326-1317-1656-27728,2021-11-14,1636929241,Charged,DM Tools (Complete Reference for DnD 5),com.vansteinengroentjes.apps.ddfive,1,premium,c1q,US,USD,MT,59802,3.49,0.00,3.49,,
GPA.3370-4699-6968-36179,2021-11-14,1636930945,Charged,Character Manager (Complete Reference for DnD 5),com.vansteinengroentjes.apps.ddfive,1,unlockcharactermanager,beyond0q,US,USD,WA,98368,5.49,0.50,5.99,,
GPA.3368-2878-0047-28107,2021-11-15,1636938791,Charged,DM Tools (Complete Reference for DnD 5),com.vansteinengroentjes.apps.ddfive,1,premium,gta3xlwifi,US,USD,MO,63052,3.49,0.00,3.49,,
GPA.3300-7582-4858-95713,2021-11-15,1636942857,Charged,DM Tools (Complete Reference for DnD 5),com.vansteinengroentjes.apps.ddfive,1,premium,beyond1q,US,USD,MO,63366,3.49,0.00,3.49,,
GPA.3312-1028-2583-22754,2021-11-15,1636945215,Charged,Character Manager (Complete Reference for DnD 5),com.vansteinengroentjes.apps.ddfive,1,unlockcharactermanager,cruiserltesq,US,USD,CA,90650,5.49,0.00,5.49,,
GPA.3312-0824-5079-87663,2021-11-15,1636945242,Charged,DM Tools (Complete Reference for DnD 5),com.vansteinengroentjes.apps.ddfive,1,premium,cruiserltesq,US,USD,CA,90650,3.49,0.00,3.49,,
GPA.3339-5453-4103-25870,2021-11-15,1637000471,Charged,DM Tools (Complete Reference for DnD 5),com.vansteinengroentjes.apps.ddfive,1,premium,a41,GB,GBP,,,2.16,0.43,2.59,,
GPA.3359-1775-2325-10138,2021-11-15,1637000718,Charged,DM Tools (Complete Reference for DnD 5),com.vansteinengroentjes.apps.ddfive,1,premium,o1q,US,USD,IL,60585,3.49,0.29,3.78,,
GPA.3358-3752-1570-35203,2021-11-15,1637000727,Charged,Character Manager (Complete Reference for DnD 5),com.vansteinengroentjes.apps.ddfive,1,unlockcharactermanager,o1q,US,USD,IL,60585,5.49,0.45,5.94,,
GPA.3335-0016-7917-61094,2021-11-15,1637003205,Charged,Character Manager (Complete Reference for DnD 5),com.vansteinengroentjes.apps.ddfive,1,unlockcharactermanager,OnePlus7TTMO,US,USD,OH,43050,5.49,0.40,5.89,,
GPA.3343-9535-1978-42015,2021-11-15,1637013164,Charged,Character Manager (Complete Reference for DnD 5),com.vansteinengroentjes.apps.ddfive,1,unlockcharactermanager,y2q,US,USD,WI,53566,5.49,0.30,5.79,,
GPA.3383-5116-4912-82732,2021-11-16,1637020876,Charged,DM Tools (Complete Reference for DnD 5),com.vansteinengroentjes.apps.ddfive,1,premium,a02q,US,USD,NC,27215,3.49,0.24,3.73,,
GPA.3325-5408-5397-82305,2021-11-16,1637023202,Charged,Character Manager (Complete Reference for DnD 5),com.vansteinengroentjes.apps.ddfive,1,unlockcharactermanager,redfin,US,USD,IN,46219,5.49,0.38,5.87,,
GPA.3354-5711-0561-20257,2021-11-16,1637026250,Charged,Character Manager (Complete Reference for DnD 5),com.vansteinengroentjes.apps.ddfive,1,unlockcharactermanager,beyond1q,US,USD,TX,77515,5.49,0.37,5.86,,
GPA.3300-2186-9191-91055,2021-11-16,1637026260,Charged,DM Tools (Complete Reference for DnD 5),com.vansteinengroentjes.apps.ddfive,1,premium,beyond1q,US,USD,TX,77515,3.49,0.24,3.73,,
GPA.3322-6849-5649-01780,2021-11-16,1637028208,Charged,DM Tools (Complete Reference for DnD 5),com.vansteinengroentjes.apps.ddfive,1,premium,OnePlus8Pro,GB,GBP,,,2.16,0.43,2.59,,
GPA.3321-5629-6357-67377,2021-11-16,1637035041,Charged,DM Tools (Complete Reference for DnD 5),com.vansteinengroentjes.apps.ddfive,1,premium,p3q,US,USD,ID,83250,3.49,0.00,3.49,,
GPA.3359-9091-5009-14183,2021-11-16,1637053373,Charged,DM Tools (Complete Reference for DnD 5),com.vansteinengroentjes.apps.ddfive,1,premium,a42xuq,US,USD,CA,92040,3.49,0.00,3.49,,
GPA.3398-7782-8123-16650,2021-11-16,1637066257,Charged,Character Manager (Complete Reference for DnD 5),com.vansteinengroentjes.apps.ddfive,1,unlockcharactermanager,beyond2,NL,EUR,,,4.12,0.87,4.99,,
GPA.3340-3794-4888-93734,2021-11-16,1637069373,Charged,Character Manager (Complete Reference for Pathfinder),com.vansteinengroentjes.apps.ddpf,1,unlockcharactermanager,j7popltespr,US,USD,MT,59405,1.99,0.00,1.99,,
GPA.3350-2180-8439-96577,2021-11-16,1637069393,Charged,Pathfinder DM tools (Complete Reference for Pathfinder),com.vansteinengroentjes.apps.ddpf,1,premium,j7popltespr,US,USD,MT,59405,2.49,0.00,2.49,,
GPA.3321-8690-4589-89725,2021-11-16,1637079484,Charged,Character Manager (Complete Reference for DnD 5),com.vansteinengroentjes.apps.ddfive,1,unlockcharactermanager,OnePlus8TTMO,US,USD,TX,78577,5.49,0.45,5.94,,
GPA.3303-0850-4730-15876,2021-11-16,1637081457,Charged,DM Tools (Complete Reference for DnD 5),com.vansteinengroentjes.apps.ddfive,1,premium,c2q,US,USD,NJ,08360,3.49,0.23,3.72,,
GPA.3352-8687-8099-83623,2021-11-16,1637082023,Charged,DM Tools (Complete Reference for DnD 5),com.vansteinengroentjes.apps.ddfive,1,premium,sofiar,BR,BRL,SP,11350300,12.99,0.00,12.99,,
GPA.3334-3867-9174-58668,2021-11-16,1637100712,Charged,Character Manager (Complete Reference for DnD 5),com.vansteinengroentjes.apps.ddfive,1,unlockcharactermanager,surfna,US,USD,WA,98270,5.49,0.51,6.00,,
GPA.3311-0675-6825-27613,2021-11-17,1637111172,Charged,Unlock Character Manager (D20 Complete Reference),com.vansteinengroentjes.apps.ddcompletereference,1,unlockcharactermanager,q2q,US,USD,FL,32226,1.96,0.00,1.96,,
GPA.3396-6495-6792-70115,2021-11-17,1637115485,Charged,Character Manager (Complete Reference for DnD 5),com.vansteinengroentjes.apps.ddfive,1,unlockcharactermanager,starqltesq,US,USD,TX,77059,5.49,0.45,5.94,,
GPA.3387-0478-4522-46765,2021-11-17,1637130275,Charged,Unlock Character Manager (D20 Complete Reference),com.vansteinengroentjes.apps.ddcompletereference,1,unlockcharactermanager,p3q,US,USD,MO,63703,1.96,0.00,1.96,,
GPA.3358-6416-1725-44697,2021-11-17,1637167957,Charged,DM Tools (Complete Reference for DnD 5),com.vansteinengroentjes.apps.ddfive,1,premium,100011885,US,USD,PA,15801,3.49,0.21,3.70,,
GPA.3303-0629-5016-42476,2021-11-17,1637172277,Charged,Pathfinder DM tools (Complete Reference for Pathfinder),com.vansteinengroentjes.apps.ddpf,1,premium,denver,US,USD,GA,30152,2.49,0.00,2.49,,
GPA.3327-8310-2390-64666,2021-11-17,1637173072,Charged,DM Tools (Complete Reference for DnD 5),com.vansteinengroentjes.apps.ddfive,1,premium,blackjack,GB,GBP,,,2.16,0.43,2.59,,
GPA.3352-3756-2446-02406,2021-11-18,1637204553,Charged,Character Manager (Complete Reference for DnD 5),com.vansteinengroentjes.apps.ddfive,1,unlockcharactermanager,starqltesq,US,USD,VA,23060,5.49,0.00,5.49,,
GPA.3304-1343-6014-44849,2021-11-18,1637207445,Charged,Character Manager (Complete Reference for DnD 5),com.vansteinengroentjes.apps.ddfive,1,unlockcharactermanager,Porto,US,USD,OH,44035,5.49,0.36,5.85,,
GPA.3354-5100-4193-32703,2021-11-18,1637208587,Charged,DM Tools (Complete Reference for DnD 5),com.vansteinengroentjes.apps.ddfive,1,premium,poseidonlteatt,US,USD,VA,24540,3.49,0.00,3.49,,
GPA.3333-7476-5715-78428,2021-11-18,1637223563,Charged,"Unlock DM tools, Dice tools and remove ads. (D20 Complete Reference)",com.vansteinengroentjes.apps.ddcompletereference,1,premium,mdh50lm,US,USD,ID,83647,2.49,0.00,2.49,,
GPA.3339-8837-1611-67093,2021-11-18,1637239896,Charged,Character Manager (Complete Reference for DnD 5),com.vansteinengroentjes.apps.ddfive,1,unlockcharactermanager,joyeuse,DE,EUR,,,4.19,0.80,4.99,,
GPA.3378-3692-0039-46056,2021-11-18,1637244138,Charged,Character Manager (Complete Reference for DnD 5),com.vansteinengroentjes.apps.ddfive,1,unlockcharactermanager,rosemary,DE,EUR,,,4.19,0.80,4.99,,
GPA.3317-9685-8446-68388,2021-11-18,1637245303,Charged,DM Tools (Complete Reference for DnD 5),com.vansteinengroentjes.apps.ddfive,1,premium,a50,AR,USD,Río Negro,8324,3.38,0.00,3.38,,
GPA.3327-4207-6301-77052,2021-11-18,1637245831,Charged,DM Tools (Complete Reference for DnD 5),com.vansteinengroentjes.apps.ddfive,1,premium,joyeuse,DE,EUR,,,2.51,0.48,2.99,,
GPA.3352-0970-6974-83036,2021-11-18,1637254178,Charged,Character Manager (Complete Reference for DnD 5),com.vansteinengroentjes.apps.ddfive,1,unlockcharactermanager,p3q,US,USD,KS,66619,5.49,0.51,6.00,,
GPA.3319-0254-5847-41642,2021-11-18,1637268951,Charged,Character Manager (Complete Reference for Pathfinder 2),com.vansteinengroentjes.pathfindertwo,1,charpf2,t2q,US,USD,IN,46807,5.49,0.38,5.87,,
GPA.3366-2710-9150-33168,2021-11-18,1637272518,Charged,Character Manager (Complete Reference for DnD 5),com.vansteinengroentjes.apps.ddfive,1,unlockcharactermanager,o1s,GB,GBP,,,3.49,0.70,4.19,,
GPA.3347-6931-0794-78683,2021-11-18,1637272541,Charged,DM Tools (Complete Reference for DnD 5),com.vansteinengroentjes.apps.ddfive,1,premium,o1s,GB,GBP,,,2.16,0.43,2.59,,
GPA.3319-4538-0775-16926,2021-11-19,1637284366,Charged,Character Manager (Complete Reference for Pathfinder),com.vansteinengroentjes.apps.ddpf,1,unlockcharactermanager,timelm,US,USD,MN,55407,1.99,0.16,2.15,,
GPA.3317-4669-6223-49840,2021-11-19,1637284690,Charged,Dungeon Master Tools (Complete Reference for Pathfinder 2),com.vansteinengroentjes.pathfindertwo,1,dmtoolspf2,coral,US,USD,IA,50047,3.49,0.24,3.73,,
GPA.3357-6460-1614-28918,2021-11-19,1637284769,Charged,Character Manager (Complete Reference for Pathfinder 2),com.vansteinengroentjes.pathfindertwo,1,charpf2,coral,US,USD,IA,50047,5.49,0.38,5.87,,
GPA.3397-4412-1702-76832,2021-11-19,1637291499,Charged,DM Tools (Complete Reference for DnD 5),com.vansteinengroentjes.apps.ddfive,1,premium,surfna,US,USD,TX,76301,3.49,0.29,3.78,,
GPA.3325-1289-7373-75745,2021-11-19,1637291521,Charged,Character Manager (Complete Reference for DnD 5),com.vansteinengroentjes.apps.ddfive,1,unlockcharactermanager,surfna,US,USD,TX,76301,5.49,0.45,5.94,,
GPA.3387-1721-1511-05415,2021-11-19,1637296701,Charged,Character Manager (Complete Reference for DnD 5),com.vansteinengroentjes.apps.ddfive,1,unlockcharactermanager,z3q,US,USD,WA,98058,5.49,0.48,5.97,,
GPA.3397-8611-9035-34253,2021-11-19,1637310285,Charged,Dungeon Master Tools (Complete Reference for Pathfinder 2),com.vansteinengroentjes.pathfindertwo,1,dmtoolspf2,HWCOL,DE,EUR,,,2.51,0.48,2.99,,
GPA.3398-4750-4437-59762,2021-11-19,1637317380,Charged,DM Tools (Complete Reference for DnD 5),com.vansteinengroentjes.apps.ddfive,1,premium,a32x,US,USD,GA,30577,3.49,0.00,3.49,,
GPA.3311-2368-6426-56889,2021-11-19,1637319679,Charged,Character Manager (Complete Reference for DnD 5),com.vansteinengroentjes.apps.ddfive,1,unlockcharactermanager,a5y17lte,DE,EUR,,,3.19,0.80,3.99,,
GPA.3387-5049-3660-52111,2021-11-19,1637320101,Charged,System Info LIve Wallpaper,com.droidbs.wallpaper.live.systeminfo,1,,mid1035_mq,US,USD,CA,93702,1.99,0.00,1.99,,
GPA.3329-2446-3746-64056,2021-11-19,1637326724,Charged,Character Manager (Complete Reference for DnD 5),com.vansteinengroentjes.apps.ddfive,1,unlockcharactermanager,c2s,US,USD,TX,75847,5.49,0.42,5.91,,
GPA.3353-9348-4227-40933,2021-11-19,1637326734,Charged,DM Tools (Complete Reference for DnD 5),com.vansteinengroentjes.apps.ddfive,1,premium,c2s,US,USD,TX,75847,3.49,0.27,3.76,,
GPA.3382-7295-1735-51338,2021-11-19,1637331144,Charged,DM Tools (Complete Reference for DnD 5),com.vansteinengroentjes.apps.ddfive,1,premium,j6lte,GB,GBP,,,2.16,0.43,2.59,,
GPA.3344-1150-5961-65037,2021-11-19,1637342641,Charged,Character Manager (Complete Reference for DnD 5),com.vansteinengroentjes.apps.ddfive,1,unlockcharactermanager,a51,US,USD,OH,44108,5.49,0.44,5.93,,
GPA.3331-0406-4840-59063,2021-11-19,1637365995,Charged,Character Manager (Complete Reference for Pathfinder),com.vansteinengroentjes.apps.ddpf,1,unlockcharactermanager,vayu,ES,EUR,,,1.81,0.38,2.19,,
GPA.3368-3895-9340-87027,2021-11-20,1637380244,Charged,Character Manager (Complete Reference for DnD 5),com.vansteinengroentjes.apps.ddfive,1,unlockcharactermanager,a21,US,USD,MT,59404,5.49,0.00,5.49,,
GPA.3317-2070-1325-37681,2021-11-20,1637382038,Charged,DM Tools (Complete Reference for DnD 5),com.vansteinengroentjes.apps.ddfive,1,premium,Porto,US,USD,OH,44035,3.49,0.23,3.72,,
GPA.3361-7872-0915-29195,2021-11-20,1637387535,Charged,Character Manager (Complete Reference for DnD 5),com.vansteinengroentjes.apps.ddfive,1,unlockcharactermanager,star2qltesq,US,USD,IA,52402,5.49,0.38,5.87,,
GPA.3383-0990-8373-89185,2021-11-20,1637388227,Charged,Unlock Character Manager (D20 Complete Reference),com.vansteinengroentjes.apps.ddcompletereference,1,unlockcharactermanager,Z3153,US,USD,TX,76354,1.96,0.16,2.12,,
GPA.3386-3329-3740-64446,2021-11-20,1637388356,Charged,Pathfinder DM tools (Complete Reference for Pathfinder),com.vansteinengroentjes.apps.ddpf,1,premium,Z3153,US,USD,TX,76354,2.49,0.21,2.70,,
GPA.3318-6041-9372-21376,2021-11-20,1637407825,Charged,Site Crawler,com.vansteinengroentjes.apps.sitecrawler,1,,beyond0q,US,USD,AZ,85205,3.49,0.29,3.78,,
GPA.3381-1231-7422-31750,2021-11-20,1637409422,Charged,Character Manager (Complete Reference for DnD 5),com.vansteinengroentjes.apps.ddfive,1,unlockcharactermanager,o1q,US,USD,NY,14608,5.49,0.44,5.93,,
GPA.3372-9400-8732-00436,2021-11-20,1637412685,Charged,Character Manager (Complete Reference for DnD 5),com.vansteinengroentjes.apps.ddfive,1,unlockcharactermanager,a70q,DE,EUR,,,4.19,0.80,4.99,,
GPA.3328-3279-0675-09402,2021-11-20,1637412705,Charged,DM Tools (Complete Reference for DnD 5),com.vansteinengroentjes.apps.ddfive,1,premium,a70q,DE,EUR,,,2.51,0.48,2.99,,
GPA.3367-7471-1058-79888,2021-11-20,1637433213,Charged,DM Tools (Complete Reference for DnD 5),com.vansteinengroentjes.apps.ddfive,1,premium,TB-X505F,GB,GBP,,,2.16,0.43,2.59,,
GPA.3346-9387-6858-27481,2021-11-20,1637433445,Charged,Character Manager (Complete Reference for DnD 5),com.vansteinengroentjes.apps.ddfive,1,unlockcharactermanager,TB-X505F,GB,GBP,,,3.49,0.70,4.19,,
GPA.3346-9337-8372-02208,2021-11-20,1637436181,Charged,DM Tools (Complete Reference for DnD 5),com.vansteinengroentjes.apps.ddfive,1,premium,timelm,US,USD,OK,74948,3.49,0.00,3.49,,
GPA.3345-8168-7406-88950,2021-11-20,1637440364,Charged,Character Manager (Complete Reference for DnD 5),com.vansteinengroentjes.apps.ddfive,1,unlockcharactermanager,y2q,US,USD,OH,44314,5.49,0.37,5.86,,
GPA.3316-8319-1281-96797,2021-11-21,1637456019,Charged,Character Manager (Complete Reference for DnD 5),com.vansteinengroentjes.apps.ddfive,1,unlockcharactermanager,heroqltevzw,US,USD,MO,65202,5.49,0.00,5.49,,
GPA.3330-1244-0060-14664,2021-11-21,1637457429,Charged,DM Tools (Complete Reference for DnD 5),com.vansteinengroentjes.apps.ddfive,1,premium,alphalm,US,USD,CO,80233,3.49,0.00,3.49,,
GPA.3365-5821-8807-09486,2021-11-21,1637461322,Charged,Unlock Character Manager (D20 Complete Reference),com.vansteinengroentjes.apps.ddcompletereference,1,unlockcharactermanager,starqltesq,US,USD,MI,48152,1.96,0.12,2.08,,
GPA.3312-6161-6812-33492,2021-11-21,1637500829,Charged,Character Manager (Complete Reference for DnD 5),com.vansteinengroentjes.apps.ddfive,1,unlockcharactermanager,beyond0q,US,USD,FL,33032,5.49,0.00,5.49,,
GPA.3335-3471-0845-04030,2021-11-21,1637507936,Charged,DM Tools (Complete Reference for DnD 5),com.vansteinengroentjes.apps.ddfive,1,premium,gts210wifi,DE,EUR,,,2.51,0.48,2.99,,
GPA.3379-4122-8833-72169,2021-11-21,1637512028,Charged,Character Manager (Complete Reference for DnD 5),com.vansteinengroentjes.apps.ddfive,1,unlockcharactermanager,Nord,NL,EUR,,,4.12,0.87,4.99,,
GPA.3378-2826-1032-10292,2021-11-21,1637514301,Charged,Character Manager (Complete Reference for DnD 5),com.vansteinengroentjes.apps.ddfive,1,unlockcharactermanager,a51,GB,GBP,,,3.49,0.70,4.19,,
GPA.3384-9723-1593-46456,2021-11-21,1637517408,Charged,Character Manager (Complete Reference for DnD 5),com.vansteinengroentjes.apps.ddfive,1,unlockcharactermanager,gts210wifi,DE,EUR,,,4.19,0.80,4.99,,
GPA.3322-7630-1226-86009,2021-11-21,1637520729,Charged,Character Manager (Complete Reference for DnD 5),com.vansteinengroentjes.apps.ddfive,1,unlockcharactermanager,p3q,US,USD,IL,61761,5.49,0.48,5.97,,
GPA.3318-8244-1836-56186,2021-11-21,1637523558,Charged,Character Manager (Complete Reference for DnD 5),com.vansteinengroentjes.apps.ddfive,1,unlockcharactermanager,beyond2q,US,USD,CO,80015,5.49,0.00,5.49,,
GPA.3369-5036-1196-22763,2021-11-21,1637528258,Charged,Character Manager (Complete Reference for DnD 5),com.vansteinengroentjes.apps.ddfive,1,unlockcharactermanager,alphalm,US,USD,CO,80233,5.49,0.00,5.49,,
GPA.3302-9413-9069-71612,2021-11-21,1637536623,Charged,Character Manager (Complete Reference for DnD 5),com.vansteinengroentjes.apps.ddfive,1,unlockcharactermanager,OnePlus8T,US,USD,CA,94127,5.49,0.00,5.49,,
GPA.3355-9470-7125-91223,2021-11-22,1637541387,Charged,DM Tools (Complete Reference for DnD 5),com.vansteinengroentjes.apps.ddfive,1,premium,caymanlm,CA,CAD,MB,R2C 0E1,4.49,0.22,4.71,,
GPA.3323-8926-0718-19499,2021-11-22,1637541778,Charged,Character Manager (Complete Reference for DnD 5),com.vansteinengroentjes.apps.ddfive,1,unlockcharactermanager,dreamqlteue,US,USD,MD,20841,5.49,0.33,5.82,,
GPA.3316-2799-0784-93927,2021-11-22,1637564696,Charged,"Unlock DM tools, Dice tools and remove ads. (D20 Complete Reference)",com.vansteinengroentjes.apps.ddcompletereference,1,premium,a71xq,US,USD,CA,91342,2.49,0.00,2.49,,
GPA.3340-1913-2763-60312,2021-11-22,1637574619,Charged,Character Manager (Complete Reference for DnD 5),com.vansteinengroentjes.apps.ddfive,1,unlockcharactermanager,crownqltesq,US,USD,IA,50315,5.49,0.38,5.87,,
GPA.3362-0882-2267-50953,2021-11-22,1637610351,Charged,DM Tools (Complete Reference for DnD 5),com.vansteinengroentjes.apps.ddfive,1,premium,crocus,US,USD,OH,43701,3.49,0.25,3.74,,
GPA.3308-2472-5292-74038,2021-11-22,1637624527,Charged,Character Manager (Complete Reference for DnD 5),com.vansteinengroentjes.apps.ddfive,1,unlockcharactermanager,beyond2q,US,USD,MI,49855,5.49,0.33,5.82,,
GPA.3313-4303-5163-03710,2021-11-22,1637624538,Charged,DM Tools (Complete Reference for DnD 5),com.vansteinengroentjes.apps.ddfive,1,premium,beyond2q,US,USD,MI,49855,3.49,0.21,3.70,,
GPA.3302-7257-9565-61308,2021-11-23,1637634203,Charged,Character Manager (Complete Reference for DnD 5),com.vansteinengroentjes.apps.ddfive,1,unlockcharactermanager,sunfish,CA,CAD,AB,T8G 1A9,7.49,0.37,7.86,,
GPA.3351-2555-1103-12042,2021-11-23,1637634468,Charged,Character Manager (Complete Reference for DnD 5),com.vansteinengroentjes.apps.ddfive,1,unlockcharactermanager,dreamqltesq,US,USD,OK,73009,5.49,0.00,5.49,,
GPA.3362-4356-6774-68003,2021-11-23,1637641206,Charged,Dungeon Master Tools (Complete Reference for Pathfinder 2),com.vansteinengroentjes.pathfindertwo,1,dmtoolspf2,a50,US,USD,IA,52205,3.49,0.24,3.73,,
GPA.3383-3791-4287-11059,2021-11-23,1637662613,Charged,DM Tools (Complete Reference for DnD 5),com.vansteinengroentjes.apps.ddfive,1,premium,starqltesq,US,USD,MI,48042,3.49,0.21,3.70,,
GPA.3349-5731-2199-62879,2021-11-23,1637685158,Charged,DM Tools (Complete Reference for DnD 5),com.vansteinengroentjes.apps.ddfive,1,premium,gts7xlwifi,US,USD,CO,81211,3.49,0.00,3.49,,
GPA.3313-9841-5092-97145,2021-11-23,1637685419,Charged,Character Manager (Complete Reference for DnD 5),com.vansteinengroentjes.apps.ddfive,1,unlockcharactermanager,gts7xlwifi,US,USD,CO,81211,5.49,0.00,5.49,,
GPA.3336-8468-7969-37781,2021-11-23,1637687170,Charged,Character Manager (Complete Reference for Pathfinder),com.vansteinengroentjes.apps.ddpf,1,unlockcharactermanager,o1q,US,USD,AR,71753,1.99,0.00,1.99,,
GPA.3320-4600-0363-94482,2021-11-23,1637708015,Charged,DM Tools (Complete Reference for DnD 5),com.vansteinengroentjes.apps.ddfive,1,premium,gts7fewifi,US,USD,TX,78114,3.49,0.29,3.78,,
GPA.3369-2095-0254-30858,2021-11-23,1637711987,Charged,DM Tools (Complete Reference for DnD 5),com.vansteinengroentjes.apps.ddfive,1,premium,a71xq,US,USD,TX,77632,3.49,0.29,3.78,,
GPA.3337-4245-6836-48908,2021-11-24,1637715036,Charged,DM Tools (Complete Reference for DnD 5),com.vansteinengroentjes.apps.ddfive,1,premium,crownqltesq,US,USD,IA,50023,3.49,0.21,3.70,,
GPA.3313-4514-1367-12474,2021-11-24,1637719692,Charged,Character Manager (Complete Reference for Pathfinder 2),com.vansteinengroentjes.pathfindertwo,1,charpf2,beyond2q,US,USD,OH,44144,5.49,0.44,5.93,,
GPA.3370-0145-6808-06594,2021-11-24,1637722598,Charged,Character Manager (Complete Reference for DnD 5),com.vansteinengroentjes.apps.ddfive,1,unlockcharactermanager,a52xq,US,USD,UT,84414,5.49,0.40,5.89,,
GPA.3326-3892-5889-21686,2021-11-24,1637722846,Charged,Character Manager (Complete Reference for DnD 5),com.vansteinengroentjes.apps.ddfive,1,unlockcharactermanager,cv7a,US,USD,TX,77677,5.49,0.34,5.83,,
GPA.3384-5265-4977-54908,2021-11-24,1637727984,Charged,Character Manager (Complete Reference for Pathfinder),com.vansteinengroentjes.apps.ddpf,1,unlockcharactermanager,beyond2,AU,AUD,,6030,2.26,0.23,2.49,,
GPA.3319-7878-5348-86515,2021-11-24,1637760702,Charged,DM Tools (Complete Reference for DnD 5),com.vansteinengroentjes.apps.ddfive,1,premium,a71,GB,GBP,,,1.16,0.43,1.59,,
GPA.3316-9706-3045-21552,2021-11-24,1637776722,Charged,DM Tools (Complete Reference for DnD 5),com.vansteinengroentjes.apps.ddfive,1,premium,beyond2q,US,USD,OR,97501,3.49,0.00,3.49,,
GPA.3369-7886-0139-81600,2021-11-24,1637782669,Charged,Character Manager (Complete Reference for DnD 5),com.vansteinengroentjes.apps.ddfive,1,unlockcharactermanager,z3q,US,USD,WA,98563,5.49,0.49,5.98,,
GPA.3334-5313-1238-11839,2021-11-25,1637807362,Charged,Character Manager (Complete Reference for DnD 5),com.vansteinengroentjes.apps.ddfive,1,unlockcharactermanager,y2q,US,USD,NC,28546,5.49,0.38,5.87,,
GPA.3357-2387-7335-03028,2021-11-25,1637819374,Charged,Character Manager (Complete Reference for DnD 5),com.vansteinengroentjes.apps.ddfive,1,unlockcharactermanager,beyond2q,US,USD,NV,89119,5.49,0.00,5.49,,
GPA.3352-3672-9946-61728,2021-11-25,1637866213,Charged,Character Manager (Complete Reference for DnD 5),com.vansteinengroentjes.apps.ddfive,1,unlockcharactermanager,c2q,US,USD,MS,39759,5.49,0.38,5.87,,
GPA.3361-2274-7858-60476,2021-11-25,1637868650,Charged,Pathfinder DM tools (Complete Reference for Pathfinder),com.vansteinengroentjes.apps.ddpf,1,premium,p3q,US,USD,OH,43402,2.49,0.16,2.65,,
GPA.3324-1268-8945-70667,2021-11-25,1637868665,Charged,Character Manager (Complete Reference for Pathfinder),com.vansteinengroentjes.apps.ddpf,1,unlockcharactermanager,p3q,US,USD,OH,43402,1.99,0.13,2.12,,
GPA.3359-3541-5651-25195,2021-11-25,1637875640,Charged,Character Manager (Complete Reference for DnD 5),com.vansteinengroentjes.apps.ddfive,1,unlockcharactermanager,gta7litewifi,US,USD,GA,31401,5.49,0.00,5.49,,
GPA.3336-3470-0351-63798,2021-11-25,1637875691,Charged,DM Tools (Complete Reference for DnD 5),com.vansteinengroentjes.apps.ddfive,1,premium,gta7litewifi,US,USD,GA,31401,3.49,0.00,3.49,,
GPA.3336-8481-3723-72306,2021-11-25,1637884323,Charged,Character Manager (Complete Reference for DnD 5),com.vansteinengroentjes.apps.ddfive,1,unlockcharactermanager,mido,GR,EUR,,,4.02,0.97,4.99,,
GPA.3313-1736-2474-32653,2021-11-25,1637884388,Charged,DM Tools (Complete Reference for DnD 5),com.vansteinengroentjes.apps.ddfive,1,premium,mido,GR,EUR,,,2.41,0.58,2.99,,
GPA.3366-4316-7787-39646,2021-11-26,1637927941,Charged,DM Tools (Complete Reference for DnD 5),com.vansteinengroentjes.apps.ddfive,1,premium,dreamlte,DE,EUR,,,2.51,0.48,2.99,,
GPA.3354-6967-2496-36240,2021-11-26,1637942845,Charged,DM Tools (Complete Reference for DnD 5),com.vansteinengroentjes.apps.ddfive,1,premium,r8q,US,USD,NC,27846,3.49,0.25,3.74,,
GPA.3300-6294-0772-10523,2021-11-26,1637957804,Charged,Character Manager (Complete Reference for DnD 5),com.vansteinengroentjes.apps.ddfive,1,unlockcharactermanager,smith,US,USD,NY,12866,5.49,0.38,5.87,,
GPA.3330-6463-4409-70609,2021-11-26,1637960468,Charged,Character Manager (Complete Reference for DnD 5),com.vansteinengroentjes.apps.ddfive,1,unlockcharactermanager,OnePlusN10TMO,US,USD,OK,73099,5.49,0.00,5.49,,
GPA.3337-9992-8665-24605,2021-11-26,1637967082,Charged,Pathfinder DM tools (Complete Reference for Pathfinder),com.vansteinengroentjes.apps.ddpf,1,premium,tulip,BR,BRL,PR,84010-150,5.49,0.00,5.49,,
GPA.3392-9233-0036-14108,2021-11-26,1637968089,Charged,Character Manager (Complete Reference for DnD 5),com.vansteinengroentjes.apps.ddfive,1,unlockcharactermanager,a71,GB,GBP,,,3.49,0.70,4.19,,
GPA.3313-4686-6837-85419,2021-11-27,1637974464,Charged,Character Manager (Complete Reference for DnD 5),com.vansteinengroentjes.apps.ddfive,1,unlockcharactermanager,ASUS_I003_1,PT,EUR,,,4.06,0.93,4.99,,
GPA.3371-4234-4432-55191,2021-11-27,1637979550,Charged,"Unlock DM tools, Dice tools and remove ads. (D20 Complete Reference)",com.vansteinengroentjes.apps.ddcompletereference,1,premium,r8q,CA,CAD,ON,L6T 2P6,3.69,0.48,4.17,,
GPA.3390-9360-4821-59781,2021-11-27,1637987790,Charged,Character Manager (Complete Reference for DnD 5),com.vansteinengroentjes.apps.ddfive,1,unlockcharactermanager,beyond1q,US,USD,MO,64850,5.49,0.00,5.49,,
GPA.3332-2603-4023-57404,2021-11-27,1637991376,Charged,Character Manager (Complete Reference for Pathfinder),com.vansteinengroentjes.apps.ddpf,1,unlockcharactermanager,NX659J-EEA,US,USD,NH,03281,1.99,0.00,1.99,,
GPA.3342-1481-7803-17820,2021-11-27,1638029194,Charged,"Unlock DM tools, Dice tools and remove ads. (D20 Complete Reference)",com.vansteinengroentjes.apps.ddcompletereference,1,premium,q2q,US,USD,AK,99714,2.49,0.00,2.49,,
GPA.3322-1335-9344-35275,2021-11-27,1638029214,Charged,Unlock Character Manager (D20 Complete Reference),com.vansteinengroentjes.apps.ddcompletereference,1,unlockcharactermanager,q2q,US,USD,AK,99714,1.96,0.00,1.96,,
GPA.3391-2090-0551-95319,2021-11-27,1638031334,Charged,Pathfinder DM tools (Complete Reference for Pathfinder),com.vansteinengroentjes.apps.ddpf,1,premium,a32x,CA,CAD,NS,B3S 2C5,2.39,0.36,2.75,,
GPA.3316-2034-9966-80432,2021-11-27,1638032830,Charged,Character Manager (Complete Reference for DnD 5),com.vansteinengroentjes.apps.ddfive,1,unlockcharactermanager,foles,US,USD,WI,53121,5.49,0.30,5.79,,
GPA.3300-9537-9085-65368,2021-11-27,1638043199,Charged,Character Manager (Complete Reference for DnD 5),com.vansteinengroentjes.apps.ddfive,1,unlockcharactermanager,starlte,GB,GBP,,,3.49,0.70,4.19,,
GPA.3389-7516-8890-59038,2021-11-27,1638051719,Charged,DM Tools (Complete Reference for DnD 5),com.vansteinengroentjes.apps.ddfive,1,premium,a51,US,USD,MN,55744,3.49,0.24,3.73,,
GPA.3310-3452-8393-30224,2021-11-27,1638051734,Charged,Character Manager (Complete Reference for DnD 5),com.vansteinengroentjes.apps.ddfive,1,unlockcharactermanager,a51,US,USD,MN,55744,5.49,0.38,5.87,,
GPA.3339-8056-4628-00694,2021-11-27,1638055902,Charged,DM Tools (Complete Reference for DnD 5),com.vansteinengroentjes.apps.ddfive,1,premium,duo,US,USD,HI,96786,3.49,0.17,3.66,,
GPA.3319-0369-1593-10953,2021-11-28,1638058280,Charged,Character Manager (Complete Reference for DnD 5),com.vansteinengroentjes.apps.ddfive,1,unlockcharactermanager,d2xq2,US,USD,MO,63051,5.49,0.00,5.49,,
GPA.3314-6859-4715-96354,2021-11-28,1638058290,Charged,DM Tools (Complete Reference for DnD 5),com.vansteinengroentjes.apps.ddfive,1,premium,d2xq2,US,USD,MO,63051,3.49,0.00,3.49,,
GPA.3374-8871-7120-38658,2021-11-28,1638058341,Charged,Character Manager (Complete Reference for DnD 5),com.vansteinengroentjes.apps.ddfive,1,unlockcharactermanager,mdh50lm,US,USD,KY,42240,5.49,0.33,5.82,,
GPA.3356-6071-8935-05143,2021-11-28,1638059673,Charged,Character Manager (Complete Reference for DnD 5),com.vansteinengroentjes.apps.ddfive,1,unlockcharactermanager,beyond1q,US,USD,NM,87144,5.49,0.39,5.88,,
GPA.3327-4791-6520-13772,2021-11-28,1638061003,Charged,Character Manager (Complete Reference for DnD 5),com.vansteinengroentjes.apps.ddfive,1,unlockcharactermanager,greatqlteue,US,USD,FL,32327,5.49,0.00,5.49,,
GPA.3361-7389-5975-15851,2021-11-28,1638063658,Charged,DM Tools (Complete Reference for DnD 5),com.vansteinengroentjes.apps.ddfive,1,premium,OnePlusN200TMO,US,USD,FL,32962,3.49,0.00,3.49,,
GPA.3313-4686-6837-85419,2021-11-28,1638065552,Refund,Character Manager (Complete Reference for DnD 5),com.vansteinengroentjes.apps.ddfive,1,unlockcharactermanager,ASUS_I003_1,PT,EUR,,,4.06,-0.93,-4.99,,
GPA.3375-8199-3756-98619,2021-11-28,1638092794,Charged,DM Tools (Complete Reference for DnD 5),com.vansteinengroentjes.apps.ddfive,1,premium,def,NL,EUR,,,2.47,0.52,2.99,,
GPA.3376-0192-9232-78628,2021-11-28,1638093452,Charged,Character Manager (Complete Reference for DnD 5),com.vansteinengroentjes.apps.ddfive,1,unlockcharactermanager,def,NL,EUR,,,4.12,0.87,4.99,,
GPA.3370-2852-8849-12167,2021-11-28,1638100056,Charged,DM Tools (Complete Reference for DnD 5),com.vansteinengroentjes.apps.ddfive,1,premium,dreamqltesq,US,USD,TX,75733,3.49,0.22,3.71,,
GPA.3310-5677-6864-35918,2021-11-28,1638122243,Charged,DM Tools (Complete Reference for DnD 5),com.vansteinengroentjes.apps.ddfive,1,premium,r8q,US,USD,OR,97117,3.49,0.00,3.49,,
GPA.3345-6600-3772-05732,2021-11-28,1638136088,Charged,DM Tools (Complete Reference for DnD 5),com.vansteinengroentjes.apps.ddfive,1,premium,gracerlte,PL,PLN,,,10.56,2.43,12.99,,
GPA.3358-0822-2464-86515,2021-11-29,1638149903,Charged,DM Tools (Complete Reference for DnD 5),com.vansteinengroentjes.apps.ddfive,1,premium,joyeuse,MX,MXN,,64000,56.03,8.97,65.00,,
GPA.3381-8568-1678-81334,2021-11-29,1638157746,Charged,Character Manager (Complete Reference for DnD 5),com.vansteinengroentjes.apps.ddfive,1,unlockcharactermanager,o1q,US,USD,OK,74429,5.49,0.00,5.49,,
GPA.3369-2929-5213-13230,2021-11-29,1638174434,Charged,Site Crawler,com.vansteinengroentjes.apps.sitecrawler,1,,mid1035_mq,US,USD,AZ,85711,3.49,0.31,3.80,,
GPA.3379-0285-0072-29253,2021-11-29,1638174597,Charged,Character Manager (Complete Reference for DnD 5),com.vansteinengroentjes.apps.ddfive,1,unlockcharactermanager,beyond1q,US,USD,UT,84774,5.49,0.36,5.85,,
GPA.3307-4040-8130-25428,2021-11-29,1638190599,Charged,Character Manager (Complete Reference for DnD 5),com.vansteinengroentjes.apps.ddfive,1,unlockcharactermanager,q2q,US,USD,MD,21740,5.49,0.33,5.82,,
GPA.3362-7358-1469-85653,2021-11-29,1638203425,Charged,Character Manager (Complete Reference for DnD 5),com.vansteinengroentjes.apps.ddfive,1,unlockcharactermanager,IRM_sprout,NL,EUR,,,4.12,0.87,4.99,,
GPA.3313-1439-0179-88175,2021-11-29,1638203488,Charged,DM Tools (Complete Reference for DnD 5),com.vansteinengroentjes.apps.ddfive,1,premium,IRM_sprout,NL,EUR,,,2.47,0.52,2.99,,
GPA.3390-9330-1810-80705,2021-11-29,1638204368,Charged,Character Manager (Complete Reference for DnD 5),com.vansteinengroentjes.apps.ddfive,1,unlockcharactermanager,alphalm,US,USD,DE,19904,5.49,0.00,5.49,,
GPA.3365-2907-9900-02081,2021-11-29,1638204390,Charged,DM Tools (Complete Reference for DnD 5),com.vansteinengroentjes.apps.ddfive,1,premium,alphalm,US,USD,DE,19904,3.49,0.00,3.49,,
GPA.3307-1025-7706-47950,2021-11-29,1638204880,Charged,Character Manager (Complete Reference for DnD 5),com.vansteinengroentjes.apps.ddfive,1,unlockcharactermanager,gts7fewifi,US,USD,TX,78114,5.49,0.45,5.94,,
GPA.3302-3901-9841-02701,2021-11-29,1638217296,Charged,Character Manager (Complete Reference for DnD 5),com.vansteinengroentjes.apps.ddfive,1,unlockcharactermanager,j5xnlte,GB,GBP,,,3.49,0.70,4.19,,
GPA.3381-7812-0815-17272,2021-11-29,1638224713,Charged,DM Tools (Complete Reference for DnD 5),com.vansteinengroentjes.apps.ddfive,1,premium,kukui_cheets,IT,EUR,,,2.45,0.54,2.99,,
GPA.3350-9996-1022-97171,2021-11-30,1638284349,Charged,Character Manager (Complete Reference for DnD 5),com.vansteinengroentjes.apps.ddfive,1,unlockcharactermanager,p3q,US,USD,AZ,85708,5.49,0.48,5.97,,
GPA.3395-9719-2821-91808,2021-11-30,1638294389,Charged,Pathfinder DM tools (Complete Reference for Pathfinder),com.vansteinengroentjes.apps.ddpf,1,premium,a20e,GB,GBP,,,1.41,0.28,1.69,,
GPA.3362-1065-4724-74483,2021-11-30,1638294420,Charged,Character Manager (Complete Reference for Pathfinder),com.vansteinengroentjes.apps.ddpf,1,unlockcharactermanager,a20e,GB,GBP,,,1.57,0.32,1.89,,
GPA.3343-3489-2344-09910,2021-11-30,1638295002,Charged,Character Manager (Complete Reference for DnD 5),com.vansteinengroentjes.apps.ddfive,1,unlockcharactermanager,bonito,CA,CAD,AB,T2K 4B3,7.49,0.37,7.86,,
GPA.3316-1599-5968-25861,2021-11-30,1638300471,Charged,Character Manager (Complete Reference for DnD 5),com.vansteinengroentjes.apps.ddfive,1,unlockcharactermanager,o1q,US,USD,CA,91723,5.49,0.00,5.49,,
GPA.3392-6472-9239-30264,2021-11-30,1638303169,Charged,Character Manager (Complete Reference for DnD 5),com.vansteinengroentjes.apps.ddfive,1,unlockcharactermanager,beyond2q,US,USD,KS,66542,5.49,0.42,5.91,,
